Timestamp,participant_id,data
6/18/2026 14:57:26,P-VCORFG7CJ9,1.7440:1:1:0.08;0.6270:-1:-1:0.32;0.4090:1:1:0;1.9320:-1:-1:0;0.4900:1:1:0.64;0.5280:1:1:0.64;0.7420:-1:-1:0;0.5130:1:1:0.16;0.4990:1:1:0.32;0.4470:1:1:0.16;1.9540:1:1:0.08;0.4760:-1:-1:0.64;0.4030:1:1:0.64;0.3290:-1:1:0;1.0790:1:1:0.16;0.6030:-1:-1:0.08;0.4830:1:1:0.32;0.4420:1:1:0.64;0.3990:-1:-1:0.32;0.4360:1:1:0.32;0.4260:1:1:0.32;0.3960:-1:-1:0.16;0.4330:-1:-1:0.08;0.3840:1:-1:0;1.4100:-1:-1:0.08;0.6190:1:1:0.16;1.3280:-1:-1:0.08;0.4660:1:1:0.64;0.6310:-1:-1:0.08;0.5340:-1:-1:0.08;0.5140:-1:-1:0.08;0.9970:-1:1:0;0.9410:1:1:0.08;0.5130:-1:-1:0.16;0.6200:1:1:0.16;0.4940:-1:-1:0.32;0.4630:1:1:0.16;0.3810:-1:-1:0.32;0.4700:-1:-1:0.16;0.7800:1:1:0;0.4440:-1:-1:0.64;0.4990:1:1:0.16;0.5640:1:-1:0;0.4470:-1:1:0.08;0.6110:-1:-1:0.08;0.5180:-1:-1:0.32;0.4670:-1:-1:0.32;0.4620:-1:-1:0.32;0.9000:-1:-1:0.16;1.7850:1:-1:0;0.3580:-1:-1:0.64;0.3650:1:1:0.16;0.4790:1:1:0.16;0.9280:-1:1:0;0.5570:-1:-1:0.08;0.7620:-1:1:0;0.5260:-1:-1:0.64;0.4380:1:1:0.32;0.9450:-1:1:0;0.4930:1:1:0.16;3.6850:-1:1:0;1.1860:-1:-1:0.16;0.5460:1:1:0;1.0120:1:1:0.08;0.4300:-1:-1:0.08;0.5650:-1:-1:0.64;0.8670:-1:1:0;0.4430:1:1:0.16;0.4280:-1:-1:0.64;0.3320:1:1:0.32;0.4180:1:1:0.64;0.2990:-1:1:0.32;0.4770:1:1:0.32;0.5690:-1:-1:0.64;0.4480:-1:1:0.32;0.4460:-1:-1:0.32;0.7890:-1:-1:0.16;0.7040:1:1:0.16;2.5270:-1:-1:0;0.5330:-1:-1:0.16;0.5290:-1:-1:0.64;0.9690:1:-1:0;1.0410:-1:1:0;0.5940:-1:-1:0.32;0.5510:1:1:0.32;0.9160:-1:-1:0.08;0.8140:1:-1:0.16;0.5840:-1:-1:0.32;1.3580:-1:-1:0;1.5360:-1:-1:0.08;3.0640:-1:-1:0;0.5250:-1:-1:0.32;0.5690:1:1:0.08;0.6980:-1:-1:0.16;0.7290:-1:-1:0.16;2.8620:-1:-1:0.08;0.5040:1:1:0.32;0.5090:1:1:0.64;0.3970:-1:-1:0.32;0.8470:-1:-1:0;0.3860:1:-1:0.64;0.8140:1:1:0.08;0.9930:-1:1:0;1.1320:-1:1:0;0.4890:1:1:0.32;0.5230:1:1:0.16;0.4520:-1:-1:0.64;0.4140:-1:-1:0.16;0.3960:-1:-1:0.64;0.4130:-1:-1:0.64;0.7530:-1:1:0;0.9000:1:1:0.32;3.5450:1:-1:0;0.6140:1:1:0.16;0.5660:-1:-1:0.16;0.4820:1:1:0.64;0.3650:1:1:0.64;0.4770:-1:-1:0.32;0.6120:1:1:0.32;0.8400:-1:-1:0.08;0.5090:1:1:0.64;0.5140:1:1:0.32;0.5800:-1:-1:0.32;0.8210:1:1:0.08;0.6100:1:1:0.32;0.7470:1:1:0.08;1.0150:-1:-1:0;0.4980:1:1:0.64;0.4640:1:1:0.32;0.4530:1:1:0.32;0.3920:-1:-1:0.64;0.3980:-1:-1:0.16;0.4150:1:1:0.64;0.9790:1:1:0.08;1.3040:1:1:0.08;0.6300:-1:-1:0.16;0.4440:1:1:0.64;0.3940:-1:-1:0.08;0.7140:-1:-1:0.16;0.5030:-1:-1:0.16;0.4250:1:1:0.32;0.3670:1:1:0.08;1.3810:-1:1:0;1.1130:1:-1:0;0.5350:-1:-1:0.32;0.3750:1:1:0.16;0.5030:1:1:0.64;0.3460:-1:1:0.32;0.0040:1:1:0.16;0.4200:1:1:0.64;0.9960:-1:1:0;0.5130:-1:-1:0.64;1.0190:1:1:0;0.5470:-1:-1:0.32;0.5140:-1:-1:0.32;2.9430:-1:-1:0;1.8340:-1:-1:0;0.6010:-1:-1:0.64;1.8260:-1:-1:0.16;0.6280:1:1:0.64;1.2510:-1:-1:0;0.5440:-1:-1:0.32;0.4880:-1:1:0;0.3920:1:1:0.64;0.3800:1:1:0.64;0.6370:-1:-1:0.08;0.5230:-1:-1:0.08;0.4700:1:1:0.16;0.3600:1:1:0;0.4470:-1:-1:0.16;0.3980:-1:-1:0.64;0.6770:-1:-1:0;0.6830:1:1:0.08;0.4280:-1:-1:0.64;0.3690:1:-1:0.08;0.4970:-1:-1:0.32;1.1140:1:1:0.08;1.5300:-1:1:0;0.5490:-1:-1:0.32;0.9300:1:1:0.08;1.2720:1:1:0.08;0.4930:-1:-1:0.64;0.4970:1:1:0.16;1.3450:1:1:0.08;0.4510:-1:-1:0.64;0.5850:-1:-1:0.16;1.1460:-1:-1:0.16;0.4970:1:1:0.08;0.5130:-1:-1:0.08;0.4820:1:1:0.08;0.7470:1:1:0.16;0.4600:-1:-1:0.08;0.4750:-1:-1:0.64;0.3710:1:1:0.16;0.8170:1:1:0.08;1.7030:-1:-1:0;1.1100:-1:-1:0;0.5630:1:1:0.64;0.5540:1:1:0.64
6/18/2026 15:01:30,P-1DRT6UISEU,2.0469:1:-1:0;0.4812:-1:-1:0.64;0.4339:1:1:0;0.3959:1:1:0.32;0.4668:-1:1:0;1.3233:1:-1:0.08;0.4201:1:1:0.32;0.4159:-1:-1:0.16;0.4130:-1:-1:0.64;0.3628:-1:-1:0.08;0.4546:1:1:0;0.5166:-1:1:0;0.4431:-1:-1:0.32;0.4463:1:1:0.32;0.9598:1:1:0.08;0.4346:-1:1:0;0.4745:1:1:0.16;0.3826:-1:-1:0.32;0.4194:-1:-1:0.64;0.5939:-1:-1:0.32;0.4439:1:1:0.32;0.4612:-1:-1:0.16;0.3863:1:1:0.32;0.7506:1:1:0.32;0.3799:-1:-1:0.32;0.3655:-1:-1:0.08;0.3970:1:1:0.32;0.4358:1:-1:0;0.3824:-1:-1:0.64;0.3411:1:1:0.64;0.5869:1:1:0;0.3965:1:1:0.32;0.4885:-1:-1:0.08;0.4280:1:1:0.08;0.4232:1:1:0.08;0.5298:-1:1:0;0.4139:-1:-1:0.32;0.4265:-1:-1:0.08;0.3847:1:1:0.08;0.5674:1:1:0.16;0.3846:-1:-1:0.64;0.3202:-1:-1:0.32;0.4539:-1:-1:0.16;0.4186:1:1:0.64;0.4975:1:1:0.08;0.4327:-1:-1:0.08;0.4720:-1:-1:0.16;0.4911:-1:-1:0.16;0.4057:1:1:0.08;0.6219:1:1:0.16;0.5373:-1:-1:0.32;0.7192:-1:1:0;0.3821:-1:-1:0.32;0.4051:1:1:0.08;0.4153:-1:-1:0.64;0.8045:-1:1:0;0.7009:1:1:0.08;0.4175:-1:-1:0.16;0.3699:-1:-1:0.32;0.3995:1:1:0.64;0.3708:-1:-1:0.32;0.4040:-1:-1:0.32;0.3428:-1:-1:0.16;0.3951:1:1:0.16;0.3979:1:1:0.32;0.3693:-1:-1:0.64;0.3757:1:1:0.16;0.4585:-1:-1:0;0.4688:-1:-1:0.08;0.6041:1:-1:0.08;0.6717:1:1:0;0.4210:1:1:0.16;0.4164:-1:-1:0.32;0.3548:1:1:0.16;0.3823:-1:-1:0.16;1.2388:1:-1:0.08;0.4260:-1:-1:0.64;0.3611:1:-1:0;0.8465:-1:-1:0.16;0.4885:1:1:0.08;1.9660:1:-1:0;0.4018:-1:-1:0.64;0.3782:-1:-1:0.64;0.3482:-1:-1:0.64;0.5921:-1:-1:0.16;0.4096:1:1:0.64;0.3831:-1:-1:0.16;1.3332:1:-1:0;0.5137:1:1:0.08;0.5034:1:-1:0;0.7925:1:-1:0;0.8813:-1:1:0;0.5897:1:1:0.16;0.5184:-1:-1:0.08;0.5024:-1:-1:0.16;0.4158:1:1:0.64;0.4211:1:1:0.32;0.3926:-1:-1:0.16;0.3763:1:1:0.08;0.3998:1:1:0.16;0.4896:-1:-1:0.32;0.3694:-1:-1:0.64;0.4668:-1:-1:0.16;0.4091:-1:-1:0.32;0.7129:-1:-1:0.08;0.3944:1:1:0.32;0.3539:1:1:0.32;0.7615:1:1:0;1.0136:1:-1:0.08;0.4368:-1:-1:0.64;1.7401:-1:-1:0;0.4481:1:1:0.16;0.5114:-1:-1:0.16;0.5267:-1:-1:0.16;0.4271:1:1:0.16;0.4890:1:1:0.16;0.4068:1:1:0.32;0.3878:-1:-1:0.32;0.3678:1:1:0.64;1.7873:-1:-1:0.32;0.4462:1:1:0.64;0.3811:-1:-1:0.64;1.1046:-1:1:0;0.3211:1:1:0.64;1.1051:-1:1:0;1.4622:-1:1:0;0.4260:1:1:0.64;0.3433:-1:-1:0.64;0.6290:1:1:0.08;0.9066:1:1:0;0.6950:1:1:0.16;0.4197:-1:-1:0.08;0.4189:1:1:0.64;0.7167:1:1:0.16;0.4109:-1:-1:0.32;0.6134:-1:-1:0.08;0.4978:-1:-1:0.32;0.3903:1:1:0.64;0.5346:1:1:0.16;0.4961:-1:-1:0.16;0.4358:1:-1:0;0.5007:1:1:0.16;0.3685:1:1:0.16;0.4070:1:1:0.08;0.4128:1:1:0.64;0.3986:1:1:0.32;0.3765:-1:-1:0.64;0.3619:-1:-1:0.08;0.5864:-1:-1:0;1.2253:1:-1:0;0.3820:1:-1:0.32;0.4431:1:1:0.08;0.3886:-1:-1:0.16;0.5782:-1:-1:0.08;0.3775:-1:-1:0.64;0.4125:1:1:0.08;0.5396:1:1:0.16;0.9146:-1:-1:0;0.4418:1:1:0.32;0.3893:-1:-1:0.64;0.5199:-1:-1:0.08;0.4199:1:1:0.64;0.3893:1:1:0.32;0.6967:-1:-1:0;0.7724:-1:1:0.08;0.4156:1:1:0.32;0.3846:-1:-1:0.32;0.3414:1:1:0.64;0.4452:-1:-1:0.16;0.3877:1:1:0.08;0.5982:1:1:0.08;0.4038:-1:-1:0.16;0.4381:-1:-1:0.08;0.3700:1:1:0.64;0.3805:-1:-1:0.64;0.5171:-1:-1:0;0.9162:-1:-1:0;0.4019:1:1:0.64;0.3732:-1:1:0.32;0.4122:1:1:0.64;0.3852:1:1:0.32;0.3524:1:1:0.64;0.4568:-1:-1:0.08;0.3552:1:1:0;0.4371:-1:-1:0.08;0.3896:-1:-1:0.64;1.4011:1:1:0.08;0.9696:-1:1:0;0.3466:1:1:0.64;0.7228:1:1:0.08;0.3852:1:1:0.16;0.6827:-1:-1:0;0.6727:-1:1:0;0.2917:1:1:0.64;0.4043:1:1:0.32;0.7391:-1:-1:0;0.3328:1:1:0.16;0.4404:-1:-1:0;0.4415:1:-1:0
6/18/2026 15:02:22,P-2KYTBH7J7Y,0.4550:1:1:0.08;0.3810:-1:-1:0;0.4050:-1:-1:0.64;0.3230:-1:-1:0.32;0.3720:-1:-1:0.16;0.3900:1:1:0.16;0.3220:-1:-1:0.32;0.3640:1:-1:0;0.5140:-1:-1:0;0.3980:1:1:0.16;0.3890:1:1:0.32;0.4140:-1:-1:0;0.8550:-1:-1:0.08;0.3650:1:1:0.32;0.4140:1:1:0.16;0.6060:1:1:0.16;0.3810:-1:1:0.08;0.3620:-1:-1:0.16;0.3480:1:1:0;0.3390:-1:-1:0.64;0.5730:1:-1:0;0.4710:-1:-1:0;0.4310:-1:-1:0.64;0.3470:-1:-1:0.16;0.4230:1:1:0;0.4220:-1:-1:0.32;2.5300:1:-1:0;0.7740:1:1:0.08;0.4380:1:1:0.32;0.9730:-1:1:0.08;0.4470:1:1:0.32;0.3560:-1:-1:0.16;0.3560:1:1:0.32;0.3890:1:1:0.08;0.4060:-1:-1:0.08;0.9640:-1:-1:0.08;0.4140:1:1:0.16;0.4140:-1:-1:0.16;0.3470:1:1:0.64;0.3550:1:1:0.64;1.4400:1:1:0.08;0.4220:-1:-1:0.16;0.9240:1:-1:0;0.4550:1:1:0.16;0.4570:1:1:0.16;0.4050:1:1:0.32;2.7810:-1:1:0;0.3980:1:1:0.32;0.3480:1:1:0.64;0.8970:1:1:0.16;0.7450:-1:1:0;0.4980:-1:-1:0.16;0.3480:1:1:0.08;0.3150:-1:-1:0.64;0.5730:-1:-1:0.16;0.3310:1:1:0.08;0.4060:-1:1:0;0.3730:-1:-1:0.16;0.4060:-1:-1:0.08;0.4470:-1:-1:0.08;0.3310:1:1:0.64;0.3310:1:1:0.08;1.3650:-1:1:0;0.6310:1:1:0.08;0.4650:1:1:0.16;0.3730:-1:-1:0.32;0.4050:1:1:0;0.4480:1:-1:0;0.6070:1:1:0.16;0.4210:-1:-1:0.16;0.3400:-1:-1:0.64;0.3310:1:1:0.64;0.3470:1:1:0.64;0.3310:-1:-1:0.32;0.2900:1:1:0;0.3570:1:1:0.32;0.8310:1:1:0.08;0.3890:-1:-1:0.08;0.4310:1:1:0.08;0.3730:1:1:0.64;0.3400:1:1:0.32;0.4310:-1:-1:0.08;0.3570:-1:-1:0.64;0.3480:1:-1:0;0.4480:-1:-1:0.16;0.3210:1:1:0;0.6060:1:1:0;0.3970:-1:-1:0.32;0.4150:1:1:0;0.3640:1:1:0.64;0.4620:-1:-1:0.64;0.3640:-1:-1:0.64;0.3460:-1:-1:0.64;1.0980:1:-1:0;0.8490:1:-1:0;0.3970:-1:-1:0.16;0.3470:1:1:0.16;0.4390:1:1:0.08;0.4220:1:1:0.64;0.6140:1:1:0.32;0.3390:-1:-1:0.32;0.3810:1:1:0.08;0.3640:1:1:0.32;0.3140:1:1:0.32;0.3230:1:1:0.08;0.3220:1:1:0.32;0.5220:-1:-1:0.08;0.3380:1:1:0.64;0.3240:1:1:0.64;0.2970:1:1:0.64;0.2890:1:1:0.64;0.2970:1:1:0.16;0.4890:-1:-1:0.16;0.4050:1:1:0.32;0.3140:-1:-1:0.32;0.9230:-1:1:0;0.4640:-1:-1:0.32;0.4220:1:1:0.16;0.3390:1:1:0.64;0.2970:1:1:0.16;0.3810:-1:-1:0.16;0.3060:-1:-1:0.64;0.3140:-1:-1:0.64;0.2650:-1:-1:0.32;0.3980:1:1:0;0.4310:-1:-1:0.16;0.4150:-1:-1:0.32;0.3980:1:1:0.16;0.4070:-1:1:0;0.4900:1:1:0.16;0.3570:-1:-1:0.32;0.3650:-1:-1:0.64;0.6640:1:1:0.08;0.8640:-1:-1:0.08;0.4140:-1:-1:0.64;0.2970:-1:-1:0.16;1.6480:1:1:0;1.2550:-1:-1:0;1.0230:-1:-1:0;0.5970:1:1:0.16;0.4220:-1:-1:0.32;0.5070:1:1:0.64;0.2980:-1:-1:0.16;0.3390:-1:-1:0.32;0.7150:-1:-1:0.16;0.3370:-1:-1:0.32;0.5050:-1:-1:0.08;0.3900:1:1:0.32;0.3650:-1:-1:0.32;0.6130:-1:-1:0.08;0.3230:1:1:0.32;0.3650:-1:-1:0.32;0.2720:1:1:0;0.3480:-1:-1:0.32;0.4390:-1:-1:0.08;0.3650:-1:-1:0.08;0.4550:1:1:0.08;0.4470:1:1:0.64;0.3820:-1:-1:0.08;0.3310:-1:-1:0.64;0.6900:1:-1:0;0.4150:1:1:0.64;0.2950:1:1:0.16;0.3510:1:1:0.64;0.3970:-1:-1:0;0.3220:-1:-1:0.32;0.2810:-1:-1:0.08;0.3560:-1:-1:0.64;0.4730:-1:-1:0.64;0.2980:-1:-1:0.08;1.2040:-1:1:0;0.4680:-1:-1:0.16;0.6980:1:1:0.08;0.3700:-1:-1:0.16;0.5070:1:1:0.08;0.4640:-1:-1:0.64;0.3730:-1:-1:0.64;0.3560:-1:-1:0.32;0.6050:1:-1:0.08;0.6400:-1:-1:0.08;0.6310:1:1:0.08;0.3720:1:1:0.32;0.3480:-1:1:0;0.3970:-1:-1:0.64;0.7470:1:1:0;0.3980:1:1:0.32;1.2980:1:1:0;1.3480:-1:-1:0;0.4560:-1:-1:0.64;0.4640:1:1:0.64;0.3970:1:1:0.32;0.3480:-1:-1:0;0.9720:-1:-1:0.08;0.3710:1:1:0.16;0.3720:1:1:0.32;0.4150:1:1:0.64;0.8140:-1:-1:0;0.4400:-1:-1:0.08;0.6050:1:1:0.16
6/18/2026 15:02:51,P-1SAGMSAI2M,0.6321:1:1:0.64;0.5677:1:1:0.64;0.3320:-1:-1:0.64;0.3634:-1:-1:0.32;0.3499:1:-1:0.08;0.5443:1:1:0.16;0.3362:-1:-1:0.08;0.3686:-1:-1:0.32;0.4612:1:1:0.64;0.3066:-1:-1:0;0.4544:-1:-1:0.64;0.4067:-1:-1:0.16;1.1559:-1:-1:0.32;0.4352:1:1:0.64;0.8851:1:1:0.08;1.9956:1:1:0.08;1.2302:-1:1:0.08;0.4265:-1:-1:0.64;0.6823:1:1:0;1.2715:1:-1:0.08;0.5005:1:1:0.08;0.3758:1:1:0.64;0.4370:-1:-1:0.64;1.0781:-1:-1:0.08;0.5389:1:1:0.16;0.3717:-1:-1:0.32;0.5156:1:1:0.08;0.3633:-1:-1:0.32;0.4288:-1:1:0;0.7122:1:1:0.32;0.4710:1:1:0.08;0.8988:-1:1:0;0.4686:1:1:0.32;0.7102:-1:-1:0;0.4724:-1:-1:0.08;0.3989:-1:-1:0.16;0.4352:1:1:0.64;0.3649:-1:-1:0.16;0.3833:-1:-1:0.32;0.3522:-1:-1:0.08;1.5279:-1:1:0;0.4684:-1:-1:0.64;0.4198:1:1:0.64;1.0951:-1:-1:0;0.4688:1:1:0.32;0.3847:-1:1:0.32;0.4114:-1:-1:0.16;0.4371:1:1:0.32;0.4214:-1:-1:0.64;0.4550:1:1:0.32;0.4499:-1:-1:0;0.3855:1:1:0.16;2.4881:1:-1:0;0.4298:-1:-1:0.64;0.3736:-1:-1:0.64;0.3375:1:1:0.16;0.7507:-1:-1:0.08;1.1870:1:1:0;0.6119:-1:-1:0;0.4527:-1:-1:0.32;0.3843:1:1:0.32;0.3519:-1:-1:0.32;1.3424:-1:1:0;0.4348:1:1:0.08;0.4863:-1:1:0;0.6588:-1:1:0;1.2033:1:1:0;0.4593:1:1:0.16;2.1788:1:-1:0;1.1933:1:1:0.08;0.4677:1:1:0.32;0.4800:-1:-1:0.32;0.4011:-1:-1:0.64;1.1223:-1:-1:0;0.4489:1:1:0.64;0.4123:-1:-1:0.08;0.6016:-1:-1:0.16;1.0563:-1:-1:0.08;1.4543:1:1:0;1.4362:1:-1:0;0.5460:1:1:0.32;0.9921:1:1:0.08;0.6928:-1:-1:0.08;0.4600:1:1:0.32;0.8964:-1:1:0;2.1296:1:-1:0;0.5342:-1:-1:0.32;0.4593:-1:-1:0.64;3.0017:1:-1:0;1.9212:1:1:0.08;0.5892:1:1:0.64;1.7726:-1:-1:0.08;0.5297:-1:-1:0.64;0.8081:1:1:0.32;0.4105:-1:-1:0.64;0.3789:1:1:0.64;0.5842:1:1:0.32;1.1341:1:1:0.08;1.0584:1:1:0.16;1.5959:1:1:0.08;0.9784:1:1:0.08;0.6688:1:1:0.32;0.7166:-1:-1:0.64;0.6515:-1:-1:0.32;0.5711:1:1:0.16;0.6878:-1:-1:0.16;0.5250:1:1:0.32;0.6465:1:1:0.16;0.4952:1:1:0.32;0.4612:-1:-1:0.32;0.4390:1:1:0.32;0.4225:-1:-1:0.16;0.4594:-1:-1:0.64;0.4478:1:1:0.16;0.5233:1:1:0.64;1.7682:1:1:0.08;0.4882:1:1:0.64;2.2077:1:1:0.08;1.0687:-1:-1:0.08;0.5282:-1:-1:0.64;0.4254:1:1:0.32;0.4845:1:1:0.64;0.3804:1:1:0.16;0.4492:-1:-1:0.32;1.2516:-1:-1:0.08;0.5774:1:1:0.16;0.6342:1:1:0.32;1.8980:1:1:0;0.6070:1:1:0.64;0.4418:-1:1:0;0.7394:1:1:0.16;0.4543:-1:-1:0.64;2.0386:1:-1:0.08;1.3799:-1:-1:0.08;2.2006:1:1:0;0.5223:-1:-1:0.64;1.2869:-1:-1:0.16;1.5018:1:1:0.16;0.8029:-1:-1:0.32;1.2081:-1:-1:0.16;0.9312:-1:-1:0.16;0.8877:-1:-1:0.16;1.9688:1:-1:0.08;0.6633:-1:-1:0.32;1.9861:1:-1:0;1.3966:-1:-1:0.16;1.0863:-1:-1:0.16;2.1992:1:-1:0;1.0855:1:1:0.16;0.6304:1:1:0.16;0.4689:-1:-1:0.64;0.4188:1:1:0.64;0.4442:-1:-1:0.32;0.4096:1:1:0.08;0.4456:-1:-1:0.32;0.9747:1:1:0.08;0.4051:-1:-1:0.64;0.4332:1:1:0.16;0.3836:-1:1:0;2.5897:-1:1:0;0.8374:-1:-1:0.16;0.4910:1:1:0.16;1.3696:-1:-1:0;2.8136:-1:-1:0.16;1.9872:1:-1:0;0.5443:1:1:0.64;2.1126:1:-1:0.08;0.5463:1:1:0.64;2.6808:-1:-1:0.08;1.5632:1:-1:0;0.6746:-1:-1:0.16;1.2016:-1:-1:0.32;0.8442:-1:-1:0.32;1.2431:1:1:0.16;0.6735:1:1:0.32;2.4404:-1:1:0;0.5575:1:1:0.64;0.5030:1:1:0.64;1.4364:-1:-1:0.16;1.3687:-1:-1:0.08;1.5976:-1:-1:0;1.4255:-1:-1:0.16;2.0470:1:1:0;2.1157:1:-1:0;1.2020:1:1:0.08;1.3198:-1:-1:0.16;0.6084:1:1:0.32;0.4745:-1:-1:0.64;2.2548:-1:-1:0.08;0.9473:-1:-1:0.16;0.6623:-1:-1:0.32;0.5946:1:1:0.08;0.5376:1:1:0.64;0.4700:1:1:0.16;1.6499:1:1:0.08;1.1158:1:1:0.16;2.3153:1:-1:0;1.6671:-1:1:0
6/18/2026 15:03:12,P-2E36A94XQJ,0.7139:-1:-1:0.64;3.0885:-1:-1:0.08;0.6923:1:-1:0.08;0.5063:-1:-1:0.32;0.6205:1:1:0.16;3.3850:1:1:0.32;0.7092:-1:-1:0.32;0.5352:1:1:0.16;0.5309:1:1:0.32;0.4715:-1:-1:0.32;0.4902:-1:-1:0.64;0.5359:1:1:0.08;0.6997:-1:-1:0.08;0.4842:1:-1:0.08;0.6104:1:1:0.08;0.5716:1:-1:0.08;0.6012:-1:-1:0.16;1.0415:1:-1:0;0.5819:-1:-1:0.64;1.9361:1:1:0.16;0.7565:-1:-1:0.08;2.0874:-1:1:0;0.5213:1:1:0.16;0.5617:1:1:0.32;0.8706:1:1:0.08;0.5613:-1:-1:0;1.4111:-1:-1:0.16;0.5222:1:1:0.64;1.3246:-1:-1:0;3.4794:-1:-1:0;0.7440:-1:1:0;0.6869:-1:-1:0.08;0.7230:-1:-1:0.32;0.5173:1:1:0;1.3114:-1:1:0;0.6114:-1:-1:0.16;0.4776:1:1:0.16;0.4691:-1:-1:0.16;0.5469:-1:-1:0.64;0.4493:1:1:0.16;1.1413:1:-1:0.08;0.8307:1:1:0.08;1.7626:-1:-1:0;0.5002:1:1:0.64;0.5588:-1:-1:0.16;0.5127:1:1:0.32;1.2160:1:1:0.16;0.5689:1:1:0.16;0.9207:1:-1:0.08;0.6700:1:1:0.64;0.6796:1:1:0.32;0.4471:-1:-1:0.32;1.5172:1:1:0.08;0.5731:-1:-1:0.32;0.6311:1:1:0.16;0.5157:1:1:0.32;0.4333:1:1:0.64;0.4658:1:1:0.64;1.2251:-1:1:0.16;0.5951:-1:-1:0.08;0.4820:-1:-1:0.32;0.6162:1:1:0.32;1.8105:-1:1:0;0.9129:-1:-1:0.08;0.5290:-1:-1:0.32;0.9955:-1:1:0;0.4877:-1:-1:0.64;0.4202:-1:-1:0.64;1.3685:-1:-1:0.08;0.5433:1:1:0.16;0.5131:1:1:0.64;0.5509:-1:-1:0.32;0.7672:-1:-1:0.64;1.3229:-1:1:0;0.5198:-1:-1:0.32;0.4324:1:1:0.64;1.0958:1:-1:0;1.4043:1:1:0.08;1.0461:-1:-1:0;0.5159:1:1:0.64;1.2174:1:1:0.16;0.5116:1:1:0.64;0.9774:-1:-1:0;0.5621:-1:-1:0.16;0.6293:1:1:0.16;0.5789:-1:-1:0.64;0.7627:1:1:0.08;0.4371:1:1:0.64;0.5342:-1:-1:0.16;0.5418:-1:-1:0.08;0.4245:1:1:0.64;0.8651:-1:-1:0;0.5265:-1:-1:0.32;1.0999:1:1:0.08;0.5665:1:1:0.32;1.7008:1:-1:0;0.5724:1:1:0.64;0.5302:1:1:0.64;3.2946:1:-1:0;0.7276:-1:1:0;0.5249:1:1:0.32;0.9309:1:-1:0;0.8083:1:1:0.16;0.4789:-1:-1:0.32;0.3987:-1:-1:0.64;0.9075:1:-1:0;0.5383:1:1:0.32;1.1959:-1:1:0;0.4740:-1:-1:0.16;0.5328:1:1:0.08;1.0033:1:1:0.16;0.4935:-1:-1:0.64;0.4829:-1:-1:0.32;0.6600:-1:-1:0.08;0.4150:1:1:0.64;0.4075:-1:-1:0.16;1.9986:-1:-1:0.08;1.0292:1:1:0;0.5342:-1:-1:0.16;1.5309:-1:1:0;0.5667:-1:-1:0.64;0.9076:-1:-1:0.16;0.5344:1:1:0.32;0.8159:-1:1:0;0.9748:-1:1:0.16;1.8675:-1:-1:0;0.9926:1:-1:0;3.2835:-1:-1:0;0.5399:-1:-1:0.32;0.7687:-1:-1:0.16;0.5596:1:1:0.08;0.5035:-1:-1:0.16;0.4795:-1:-1:0.32;0.4783:1:1:0.32;0.3660:-1:-1:0.64;0.4230:-1:-1:0.64;0.3364:-1:-1:0.64;0.3791:-1:1:0;0.4776:-1:-1:0.16;0.4595:1:1:0.64;0.4547:1:1:0.64;1.7443:-1:-1:0.16;0.6088:-1:-1:0.64;0.6645:1:1:0.16;1.0304:1:1:0.08;0.5099:1:1:0.64;0.8895:-1:-1:0.08;2.0942:-1:1:0;0.5917:-1:-1:0.16;0.4068:-1:-1:0.64;0.6075:-1:-1:0.32;0.5014:1:1:0.16;0.4439:1:1:0.32;1.0030:-1:1:0;0.5272:-1:-1:0.32;0.7091:1:1:0.08;1.1131:-1:-1:0.08;0.4800:1:1:0.64;0.8404:1:1:0.08;0.7930:1:1:0.16;1.2991:1:-1:0;0.5376:1:1:0.32;0.4653:1:1:0.32;0.3840:1:1:0.64;0.8894:1:1:0.08;1.2542:1:1:0.08;1.6637:1:1:0;1.0364:1:1:0.08;0.5296:-1:-1:0.64;0.7642:-1:-1:0.08;2.2785:1:1:0;0.6978:-1:-1:0.16;0.7798:-1:-1:0.32;0.6600:-1:-1:0.32;1.2548:1:1:0.08;0.6385:1:1:0.32;1.3952:1:1:0.32;1.4391:1:1:0;0.5320:-1:-1:0.64;0.5391:1:1:0.32;0.9818:1:1:0.16;1.2321:-1:1:0.08;0.6057:-1:-1:0.16;0.8022:-1:-1:0.08;0.5161:1:1:0.64;1.5079:1:1:0.08;1.3148:-1:1:0;0.4813:-1:-1:0.32;0.6947:-1:-1:0.08;0.4939:-1:-1:0.16;0.6621:1:1:0.32;0.5022:-1:-1:0.16;0.5157:1:1:0.08;0.5753:-1:-1:0;0.4551:-1:-1:0.64;0.4055:-1:-1:0.64;0.5329:1:1:0.32;2.2605:1:1:0
6/18/2026 15:04:34,P-20K47BCYGK,1.4590:-1:1:0;0.9890:-1:-1:0.32;1.5580:1:-1:0;1.3480:1:1:0.64;1.4310:1:1:0.32;0.8480:-1:-1:0.32;0.9400:-1:-1:0.32;1.3740:-1:-1:0.08;1.2490:1:1:0.32;0.7390:-1:-1:0.64;0.9730:1:1:0.32;2.3160:-1:1:0;0.8050:-1:-1:0.64;0.5310:-1:-1:0.64;0.6400:1:1:0.64;1.1490:-1:-1:0.16;1.4570:-1:-1:0.32;0.6570:-1:-1:0.64;0.8740:-1:-1:0.64;0.7060:1:1:0.16;0.5560:-1:-1:0.32;0.6900:1:1:0.16;0.6470:-1:-1:0.16;1.7660:1:1:0.16;1.2910:1:1:0.16;2.6160:-1:-1:0.08;0.8560:1:1:0.32;0.8220:-1:1:0;0.7070:1:1:0.32;1.2320:1:1:0.08;0.7730:-1:-1:0.64;0.5810:1:-1:0;0.7230:-1:-1:0.32;0.6810:1:1:0.32;0.6570:1:1:0.64;0.5560:1:1:0.64;0.6220:-1:-1:0.64;1.5490:-1:-1:0.08;0.6990:1:1:0.32;0.5060:1:1:0.32;0.6740:1:1:0.16;2.0900:-1:-1:0.16;1.6240:1:1:0.16;2.1900:1:1:0.08;0.6480:1:1:0.64;0.5570:-1:-1:0.08;0.5970:1:1:0.16;1.3840:1:1:0.16;2.3480:-1:1:0;0.7980:-1:-1:0.16;0.6830:-1:-1:0.64;0.8470:1:1:0.08;2.9580:-1:-1:0;1.5910:-1:-1:0.08;1.7230:1:1:0.08;1.4570:-1:-1:0.08;0.7020:1:1:0.64;0.5360:-1:-1:0.32;0.5640:-1:-1:0.32;2.1600:1:1:0;0.8890:-1:-1:0.08;0.6060:-1:-1:0.16;0.6730:1:1:0.16;0.5230:1:1:0.64;0.5560:-1:-1:0.32;0.9240:-1:-1:0.16;0.7890:1:-1:0.64;2.4750:1:1:0.08;1.6570:1:1:0.32;1.2910:-1:-1:0.08;1.9660:-1:-1:0.64;0.8570:1:1:0.32;1.3660:-1:-1:0.64;1.7740:1:-1:0;1.9910:1:1:0.64;0.8640:-1:-1:0.16;1.2830:-1:1:0;2.0580:1:1:0;0.6890:-1:-1:0.64;0.5650:-1:-1:0.32;0.7140:1:1:0.32;0.6240:-1:-1:0.32;0.7560:-1:-1:0.32;1.3240:-1:-1:0;0.7230:-1:-1:0.64;0.8730:1:1:0.32;0.5630:-1:-1:0.64;1.5830:-1:-1:0.64;1.6480:-1:-1:0.32;2.5250:1:-1:0;0.7490:1:1:0.32;1.1880:1:1:0.16;0.6900:1:1:0.64;1.5490:1:1:0.16;1.6080:1:1:0;1.6910:-1:-1:0;1.0910:-1:-1:0.32;0.7090:-1:-1:0.32;0.6900:-1:-1:0.08;0.5390:1:1:0.16;0.8400:1:-1:0;1.2240:-1:-1:0.08;1.7830:-1:1:0;0.7380:-1:-1:0.32;0.6320:1:1:0;0.7740:-1:-1:0.08;1.3570:1:1:0.08;1.6420:1:-1:0.16;1.6730:-1:-1:0;0.9900:1:1:0.32;0.8170:-1:-1:0.16;0.9400:-1:-1:0.08;3.0320:1:-1:0.08;0.7990:1:1:0.32;0.6480:-1:-1:0.16;0.6570:-1:-1:0.16;1.8740:-1:-1:0.64;0.9400:1:1:0.64;2.7820:1:1:0.08;0.7160:1:1:0.64;3.3250:-1:-1:0;0.6310:1:1:0.32;1.0490:-1:1:0;0.7050:1:1:0.32;0.8490:-1:-1:0.16;0.8560:1:1:0.08;0.7060:1:1:0.08;0.7310:-1:-1:0.32;0.7310:-1:-1:0.16;0.7740:1:-1:0;1.5740:-1:-1:0.08;1.2810:1:1:0.16;2.0490:1:-1:0;1.8170:1:-1:0.08;1.3130:1:1:0.32;1.1170:-1:-1:0.08;0.9720:-1:-1:0.16;0.9150:-1:-1:0.08;0.7400:1:1:0.64;0.5640:-1:1:0.08;1.0160:-1:-1:0;1.1590:1:1:0.16;2.1980:1:1:0.16;0.7570:-1:-1:0.64;3.2330:-1:1:0;0.7820:-1:-1:0.16;3.1420:1:1:0.08;0.6390:-1:-1:0.08;0.6740:1:1:0;0.6150:1:1:0.08;0.4810:-1:-1:0;1.0730:1:1:0;0.6560:1:1:0.64;0.4400:1:1:0.16;0.6480:-1:-1:0.16;0.9090:-1:-1:0;0.5800:1:1:0.64;0.4640:1:1:0.64;1.0230:1:1:0.08;0.5560:1:1:0.16;0.5500:1:1:0.64;0.5980:-1:-1:0.16;0.6410:1:1:0.08;0.7390:1:1:0.64;0.6140:-1:-1:0.16;0.5060:1:1:0.64;0.4820:-1:-1:0.08;0.4390:1:1:0.64;1.0500:1:1:0.16;1.5160:1:1:0.08;0.6640:1:1:0.32;0.5570:-1:-1:0.16;0.5050:1:1:0;1.8160:-1:-1:0;0.8240:1:1:0.64;3.6750:-1:1:0;0.6650:1:1:0.16;2.2760:1:1:0.08;0.9380:-1:-1:0.08;0.8150:-1:-1:0.64;1.4980:1:1:0.08;0.5900:-1:-1:0.32;0.9400:1:1:0.16;0.8160:1:-1:0;0.6210:-1:-1:0.64;1.4020:-1:-1:0;1.5540:1:1:0.08;1.1570:1:1:0.32;1.6490:-1:-1:0.16;0.6890:-1:-1:0.64;0.7640:1:1:0;1.7830:-1:1:0;1.0150:-1:-1:0.32;0.9740:1:1:0.08;0.6980:-1:-1:0.32;0.7640:1:1:0.08
6/18/2026 15:04:44,P-2UI5SXNBIH,0.5723:1:1:0.64;3.3461:1:1:0.08;0.9443:1:1:0.08;0.5309:-1:-1:0.64;0.6283:1:1:0.64;0.9290:-1:-1:0.08;0.8709:1:1:0.08;0.4728:-1:-1:0.64;0.5331:-1:-1:0.32;0.4645:1:1:0.32;0.4253:-1:-1:0.64;0.4856:1:1:0.08;0.5127:-1:-1:0.32;1.2860:1:1:0;0.6822:1:1:0.16;1.2466:-1:-1:0.16;0.9789:1:-1:0;1.3017:-1:-1:0.08;3.0773:1:-1:0.08;0.6324:1:1:0.32;0.5754:-1:-1:0.16;0.5495:1:1:0.32;0.9994:1:1:0.16;2.4916:1:1:0.08;0.8437:1:1:0.32;0.6621:1:1:0.32;0.8432:-1:-1:0.16;1.8407:-1:-1:0.08;0.7734:1:1:0.32;1.7832:1:1:0.08;2.4259:1:1:0.08;1.1623:1:-1:0;0.8182:-1:-1:0.16;0.6375:-1:-1:0.16;0.7071:-1:-1:0.16;0.8916:-1:-1:0.08;0.6082:-1:-1:0.64;1.4721:1:1:0;1.0060:1:-1:0;0.4851:-1:-1:0.64;1.0411:-1:-1:0.16;0.5964:1:1:0.64;0.7132:-1:-1:0.64;0.9375:1:-1:0;0.9887:1:-1:0;0.7629:1:1:0.08;1.1981:-1:-1:0.16;0.9621:1:1:0.08;0.9630:-1:-1:0.16;1.1080:-1:-1:0.08;0.5466:1:1:0.64;0.4567:1:1:0.64;1.1283:-1:1:0;1.6013:1:-1:0;0.5269:-1:-1:0.64;0.4989:-1:-1:0.64;2.2272:-1:-1:0.08;0.5780:-1:-1:0.32;0.7220:1:1:0.08;0.6953:-1:-1:0.32;0.5257:1:1:0.16;0.6835:-1:-1:0.08;0.5588:1:1:0.16;0.4646:-1:1:0;1.2611:1:-1:0.08;0.6876:1:1:0.08;0.7434:1:1:0.16;1.3166:-1:1:0.08;1.5899:-1:1:0;0.5366:1:1:0.64;0.4908:-1:-1:0.32;0.5694:-1:-1:0.64;0.5474:1:1:0.64;1.2444:1:1:0.32;1.3461:-1:-1:0.16;2.6573:1:1:0.08;0.8602:1:1:0.16;0.5812:1:1:0.16;0.5031:-1:-1:0.16;0.7072:1:1:0.32;0.6802:-1:-1:0.16;1.8625:1:1:0.08;1.1387:1:1:0.08;0.7717:1:1:0.16;0.4447:-1:-1:0.64;0.4167:1:1:0.32;3.0855:-1:-1:0;2.5860:-1:-1:0;0.7168:-1:-1:0.64;2.5447:1:1:0;1.8490:1:-1:0;1.6803:-1:1:0;1.9986:-1:-1:0.08;1.3954:1:1:0.16;0.5800:-1:-1:0.64;2.9885:1:-1:0;2.6213:-1:-1:0;0.5361:1:1:0.64;1.1132:1:1:0.32;0.6858:1:1:0.16;1.0471:1:1:0.16;0.4976:1:1:0.64;0.4860:1:1:0.64;0.5062:1:1:0.32;0.6311:-1:-1:0.08;1.4964:1:1:0.16;0.4709:-1:-1:0.64;0.7176:-1:-1:0.16;1.2191:-1:1:0;0.6621:-1:-1:0.32;0.8954:-1:-1:0;0.5112:1:1:0.64;0.8865:-1:1:0.08;0.6259:-1:-1:0.08;0.9288:1:1:0.08;0.6304:-1:-1:0.32;1.4966:-1:-1:0.08;1.7047:-1:-1:0.08;2.2239:-1:-1:0;2.4118:1:1:0;3.9144:-1:-1:0;3.0162:1:1:0.08;0.9660:1:1:0.32;0.7253:-1:-1:0.32;1.0295:-1:-1:0.32;1.7476:-1:-1:0.16;1.2342:1:1:0.16;1.1119:-1:-1:0.16;1.3780:1:-1:0;0.8101:-1:-1:0.08;0.6494:-1:-1:0.64;0.4478:-1:-1:0.64;0.6406:-1:-1:0.32;3.5836:-1:1:0;0.8769:1:1:0.32;0.5471:-1:-1:0.64;0.4794:1:1:0.64;1.1954:-1:-1:0.16;0.5484:1:1:0.64;2.4967:-1:1:0;0.6358:-1:-1:0.32;1.8779:1:-1:0;0.6263:1:1:0.32;1.7815:1:1:0;0.7779:1:1:0.16;0.6138:1:1:0.32;0.5813:-1:-1:0.16;1.5792:1:1:0;1.0031:-1:-1:0.08;0.4894:1:1:0.16;0.7794:1:1:0.16;0.6279:-1:-1:0.08;0.6567:1:1:0.16;0.7959:1:1:0.64;2.4025:-1:1:0;0.6247:-1:-1:0.32;0.9969:-1:-1:0.16;1.2473:1:-1:0;2.7623:-1:1:0;3.4131:1:-1:0;0.5632:-1:-1:0.64;2.2151:1:1:0;0.5151:-1:-1:0.32;0.7120:1:1:0.16;0.4850:-1:-1:0.64;2.9613:-1:-1:0.08;2.9582:1:1:0;1.6613:-1:-1:0.16;0.7296:1:1:0.32;0.6204:1:1:0.32;0.8281:-1:-1:0.16;3.4819:1:1:0;0.8742:1:1:0.32;0.5804:1:1:0.64;0.7290:-1:-1:0.32;0.9675:1:1:0.08;0.6096:1:1:0.32;0.5283:1:1:0.64;2.0216:-1:-1:0.08;1.1224:-1:-1:0.32;1.3944:1:1:0.16;0.5148:1:1:0.64;1.8921:-1:-1:0;0.6327:-1:-1:0.32;0.5322:-1:-1:0.64;0.4797:1:1:0.64;3.2124:1:1:0.16;0.7299:1:1:0.64;0.5417:-1:-1:0.32;0.5857:1:1:0.32;0.5402:-1:-1:0.32;0.6779:-1:-1:0.32;2.1309:-1:-1:0.08;0.8807:-1:-1:0.32;2.5113:-1:1:0;0.5484:1:1:0.64;0.5795:-1:-1:0.64
6/18/2026 15:05:06,P-WEK0LMH1RE,0.8540:-1:-1:0.64;1.8570:-1:-1:0.32;0.8660:-1:-1:0.32;2.9250:-1:1:0;1.4210:-1:-1:0.08;2.9380:1:1:0;1.1180:-1:-1:0.16;0.6410:1:1:0.64;3.9220:1:-1:0;0.8110:-1:-1:0.32;0.6420:-1:-1:0.32;3.2330:1:1:0.08;2.1150:-1:-1:0.08;1.7020:-1:-1:0.16;2.1220:-1:-1:0.16;1.1340:1:1:0.32;2.6930:-1:-1:0.16;1.4660:1:-1:0;1.0440:1:1:0.32;3.6490:-1:-1:0.08;2.4700:1:1:0;2.5820:-1:-1:0.08;0.6700:1:1:0.32;1.3460:-1:1:0;1.3160:1:1:0.08;0.7490:-1:-1:0.64;0.5950:-1:-1:0.64;0.6820:1:1:0.64;1.1630:-1:-1:0.16;1.1690:1:1:0.16;2.0730:-1:-1:0.08;1.4300:1:1:0.08;2.5130:-1:-1:0.08;0.6300:1:1:0.32;3.3840:1:-1:0;1.9620:1:1:0.16;2.1870:-1:-1:0.08;1.4050:1:1:0.16;0.7470:-1:-1:0.64;0.6140:1:1:0.64;1.3470:1:1:0.32;1.0140:-1:-1:0.32;1.3970:-1:-1:0.64;0.6050:1:1:0.64;2.3240:-1:-1:0.08;1.9620:-1:-1:0.08;0.7310:1:1:0.32;0.8730:-1:-1:0.16;0.8960:-1:-1:0.64;3.3190:-1:-1:0;1.2600:-1:-1:0.16;3.2140:-1:1:0;1.7650:-1:-1:0.08;1.6780:-1:-1:0.16;1.0700:1:1:0.32;3.2990:1:1:0;0.6550:1:1:0.64;0.9810:1:1:0.64;2.0480:1:1:0.08;0.6790:1:1:0.32;3.9240:-1:-1:0.08;0.6780:1:1:0.64;0.8060:1:1:0.64;1.6370:-1:-1:0.08;1.4370:1:1:0.08;2.7880:1:1:0;2.4990:1:1:0;1.6290:1:1:0.16;1.6960:-1:-1:0.16;0.9640:-1:-1:0.64;0.7800:-1:-1:0.64;1.0850:1:1:0.08;2.3930:1:1:0;2.1480:-1:-1:0.08;1.3640:1:1:0.08;1.0990:-1:-1:0.16;0.6810:-1:-1:0.32;0.5600:1:1:0.32;0.5400:-1:-1:0.64;0.8040:1:1:0.16;0.5310:1:1:0.64;0.5770:-1:-1:0.32;0.4800:1:1:0.64;1.9800:-1:-1:0.08;1.0970:1:1:0;0.6170:1:1:0.32;0.7450:1:1:0.08;0.5880:1:1:0.16;0.5050:-1:-1:0.32;0.6360:1:1:0.16;0.4350:-1:-1:0.64;0.6540:1:1:0.08;1.0130:-1:-1:0.16;0.9660:1:-1:0;0.7000:1:1:0.32;0.7430:-1:-1:0.32;1.5040:-1:-1:0.08;0.6610:1:-1:0;0.7620:-1:-1:0;1.3320:-1:-1:0.08;0.6830:1:1:0.08;0.6600:1:1:0.08;0.6640:1:1:0.16;2.3170:1:-1:0;0.5110:1:1:0.32;0.4800:-1:-1:0.64;0.5980:1:1:0.16;0.4300:-1:-1:0.16;0.7290:-1:-1:0.16;0.4390:1:1:0.16;0.4730:-1:-1:0.32;1.1970:1:1:0;0.5070:1:1:0.32;0.5730:-1:-1:0.32;0.4650:1:1:0.16;2.5130:1:-1:0;1.0470:-1:-1:0.08;0.4640:-1:-1:0.64;1.2150:-1:-1:0.16;0.4480:1:1:0.16;0.6140:1:1:0.32;1.9640:1:1:0;1.1640:-1:1:0;1.2150:1:1:0.08;1.4200:1:-1:0;0.5620:1:1:0.32;0.5420:1:1:0.16;0.5320:-1:-1:0.16;0.8160:1:1:0.08;0.4770:1:1:0.32;1.1670:1:1:0.16;0.6310:-1:-1:0.16;0.4470:-1:-1:0.64;1.0760:1:1:0.08;1.3300:1:1:0.08;2.1990:1:-1:0;1.6360:1:1:0.08;0.5900:1:1:0.32;0.5190:-1:-1:0.16;0.5000:-1:-1:0.64;0.5230:1:1:0.32;0.7900:-1:-1:0.08;0.6780:1:1:0.16;0.7980:1:1:0.32;0.8110:1:1:0.08;0.6240:1:1:0.16;0.4890:-1:-1:0.16;0.6610:-1:-1:0.32;0.4410:1:1:0.64;0.4370:-1:-1:0.64;0.4310:1:1:0.64;2.0000:1:-1:0;0.4290:-1:-1:0.64;0.4050:1:1:0.16;1.5550:-1:-1:0.08;0.6880:1:1:0.16;1.9750:-1:1:0;2.3690:1:-1:0;0.7140:-1:-1:0.16;0.7220:1:1:0.16;0.6810:1:1:0.64;0.6970:1:1:0.64;2.5640:-1:-1:0.08;0.6960:-1:-1:0.32;2.4170:1:1:0;0.5640:-1:-1:0.32;0.6270:1:1:0.32;0.5400:1:1:0.64;2.1220:1:-1:0;0.6730:1:1:0.64;0.5880:-1:-1:0.64;0.6200:1:1:0.64;1.3500:1:1:0.16;1.3480:-1:-1:0.16;1.8240:1:1:0.08;0.7110:1:1:0.64;0.5160:1:1:0.64;2.7630:1:1:0;1.3370:-1:-1:0.32;3.1550:-1:1:0;2.2970:1:-1:0;0.5470:-1:-1:0.64;1.5500:1:1:0.08;0.5630:-1:-1:0.32;0.6550:-1:-1:0.32;0.8120:-1:-1:0.32;0.9780:1:1:0.08;0.5160:-1:-1:0.64;1.4750:-1:-1:0.32;2.9300:-1:1:0;0.5230:1:1:0.64;0.4400:-1:-1:0.32;0.5300:-1:-1:0.64;1.8210:1:-1:0
6/18/2026 15:06:54,P-54YRFYE3YQ,2.4524:1:-1:0;0.4991:-1:-1:0.32;0.7764:1:-1:0;0.3649:-1:-1:0.64;0.6691:-1:-1:0.32;0.7084:1:-1:0;1.0409:1:1:0.08;0.6165:1:1:0.16;0.4140:-1:-1:0.16;0.4429:-1:-1:0.32;1.0279:-1:-1:0.08;0.4540:1:1:0.16;1.3838:1:-1:0.08;0.5593:1:1:0.64;0.4029:-1:-1:0;1.5371:1:-1:0;0.6281:-1:-1:0.08;0.5093:1:1:0.16;0.8088:-1:1:0.16;0.5572:1:1:0.32;1.2632:-1:-1:0;1.0643:1:1:0;0.5086:-1:-1:0.32;0.4843:1:1:0.32;0.9826:1:1:0.08;0.8542:1:1:0.16;0.6750:-1:1:0.08;0.3719:1:1:0.08;0.4359:-1:-1:0.16;0.4426:-1:-1:0.16;0.3933:1:1:0.16;0.3742:-1:-1:0.08;0.4430:-1:-1:0.16;0.3957:1:1:0.16;0.4814:-1:-1:0;0.3645:-1:-1:0.08;0.4609:1:1:0.64;0.4329:1:1:0.64;0.3735:-1:-1:0.64;0.3693:-1:-1:0.32;0.4537:-1:-1:0.16;0.5510:1:1:0;0.3936:-1:-1:0.64;0.4257:1:1:0.16;0.6674:1:-1:0;0.6273:1:1:0;0.4765:1:1:0.32;0.8091:-1:-1:0;0.4168:-1:-1:0.64;0.4663:1:1:0.64;0.5647:1:1:0.64;0.3444:-1:-1:0.64;0.7986:-1:-1:0.16;0.6303:1:-1:0.32;1.0093:-1:-1:0;0.5290:-1:-1:0.32;0.8468:1:-1:0.08;0.5462:-1:-1:0.32;0.9168:1:1:0;0.6059:1:-1:0.08;1.3458:1:1:0;0.5446:1:1:0.32;0.4031:-1:-1:0.32;0.4068:-1:-1:0.64;0.3573:1:1:0.64;0.2907:-1:1:0.08;0.8046:-1:1:0;0.4332:-1:-1:0.32;0.9652:-1:1:0;0.6838:-1:-1:0.08;0.4164:1:1:0.08;0.4075:-1:-1:0.64;0.8468:1:-1:0;0.5752:1:1:0.32;0.5028:1:1:0.64;0.5944:-1:1:0;0.4089:-1:1:0.16;0.5451:1:1:0.64;0.4745:1:1:0.64;0.3881:1:1:0.32;0.9891:-1:-1:0;0.4421:-1:-1:0.64;0.5626:1:1:0.08;0.3466:1:1:0.32;0.3011:1:1:0;0.3114:-1:-1:0.32;0.3335:-1:-1:0.08;0.3994:-1:-1:0.32;0.3026:-1:-1:0.64;0.3279:-1:1:0.32;0.5715:-1:-1:0;0.6706:1:1:0.16;0.6606:-1:1:0.16;0.6475:-1:1:0;0.5062:-1:-1:0.64;1.8538:1:-1:0;0.6270:1:1:0;3.9615:1:1:0.08;0.5311:-1:-1:0.32;0.5312:1:1:0.16;0.4445:-1:-1:0.16;0.3917:-1:-1:0.64;0.7930:-1:-1:0.16;0.6361:1:-1:0.08;0.4606:1:1:0.64;1.0490:-1:1:0;0.6707:1:1:0.08;0.4753:1:1:0.16;0.6884:1:1:0.08;0.4160:1:1:0.08;0.3561:-1:-1:0.64;0.5892:-1:-1:0.16;0.5703:-1:-1:0.16;0.3978:-1:-1:0.16;0.4047:1:1:0.32;0.3393:-1:-1:0.64;0.2930:1:1:0.32;0.2569:-1:1:0.32;0.5636:1:1:0.64;0.3684:1:1:0.32;0.5148:1:1:0.64;0.4777:-1:-1:0.08;0.4774:-1:-1:0.16;1.7984:1:1:0.08;0.5235:1:1:0.16;0.3891:-1:-1:0.08;0.5726:1:1:0.08;0.5137:1:-1:0;0.7770:1:1:0.64;0.5128:-1:-1:0.16;3.1474:-1:1:0;0.5612:1:1:0.08;0.5218:1:1:0.16;0.7353:-1:1:0;0.5166:-1:-1:0.16;1.0685:1:-1:0;0.7888:-1:-1:0.16;0.4039:-1:-1:0.32;0.5793:1:1:0;0.9317:-1:-1:0.08;0.4600:-1:-1:0.16;0.4342:1:1:0.64;0.7929:-1:-1:0.64;0.6420:1:1:0.08;0.7024:-1:-1:0.64;0.8599:-1:1:0;0.5566:-1:-1:0.16;0.5089:1:1:0.32;0.5573:-1:-1:0.32;1.9086:1:1:0.16;0.6889:1:-1:0;0.9024:1:1:0.16;0.3631:-1:-1:0.16;0.5853:-1:-1:0.08;0.3448:1:1:0.32;0.3983:-1:-1:0.08;0.4212:-1:-1:0.64;0.6350:1:1:0.08;0.5264:1:1:0;0.4929:1:1:0.32;0.4434:1:1:0.16;0.3986:1:1:0.64;0.4448:-1:-1:0.32;0.5632:1:1:0.16;0.4425:1:1:0.32;0.4176:1:1:0.64;0.4381:-1:-1:0.32;0.4382:-1:-1:0.08;0.4599:1:1:0.32;0.4969:1:1:0.32;0.4965:-1:-1:0.08;0.4162:-1:-1:0.08;0.4788:-1:1:0;0.4003:-1:-1:0.08;0.3272:-1:-1:0;0.3516:-1:-1:0.64;0.2790:-1:1:0.64;0.4996:-1:-1:0.32;0.6172:1:1:0.08;0.5480:-1:-1:0.16;0.4303:1:1:0.64;0.4391:-1:-1:0.64;0.3668:1:1:0.32;0.5576:1:1:0.08;0.5304:-1:-1:0.32;1.3003:1:-1:0;0.4352:1:1:0.64;0.5304:-1:-1:0.08;0.6266:-1:1:0.16;0.6909:-1:1:0;0.5139:1:1:0.08;0.4726:-1:-1:0.32;0.6683:1:-1:0;0.4701:1:1:0.64;1.1397:1:1:0;0.8889:1:1:0.08;0.6494:-1:-1:0.64;0.5114:-1:-1:0.16;0.5354:1:1:0.32;0.5197:-1:-1:0.64
6/18/2026 15:08:12,P-3ZCHQ5TD9P,1.4592:-1:-1:0.08;2.3422:-1:-1:0.08;2.4108:-1:-1:0.32;2.7700:1:1:0;1.3593:-1:-1:0.32;1.5286:1:1:0.08;0.9880:1:1:0.64;1.3308:-1:-1:0.08;1.7567:1:1:0.16;2.8631:-1:-1:0.16;0.8262:1:1:0.16;1.2463:-1:-1:0.08;2.7253:1:1:0.08;1.8748:-1:-1:0;2.6843:-1:1:0;2.4415:-1:-1:0.08;0.6502:1:1:0.64;1.2842:1:1:0.08;0.7489:-1:-1:0.64;2.2932:1:1:0.08;1.1851:-1:-1:0.08;1.0762:1:1:0;0.6662:-1:-1:0.16;0.6295:1:1:0.64;0.7828:1:1:0.64;0.8307:-1:-1:0.08;0.6954:-1:-1:0.32;1.5768:-1:1:0;0.9737:1:-1:0;0.6057:-1:-1:0.64;3.2638:1:-1:0;1.0837:1:1:0.16;1.4545:-1:1:0;1.7611:1:1:0.08;2.5973:1:-1:0;0.6429:-1:-1:0.64;0.8353:1:1:0.32;0.5640:-1:-1:0.64;2.2374:-1:-1:0.08;2.5835:1:1:0.08;1.3701:-1:-1:0.32;1.9721:1:-1:0.08;0.7318:1:1:0.64;0.6304:1:1:0.64;0.6412:-1:-1:0.64;0.8602:-1:-1:0.32;0.5436:1:1:0.64;0.5388:-1:-1:0.64;1.9588:1:1:0.08;1.0027:-1:1:0.16;0.7267:1:1:0.16;0.7181:1:1:0.32;0.5758:-1:-1:0.64;3.7012:1:-1:0;1.8178:1:1:0.32;3.3862:-1:-1:0.08;0.7360:1:1:0.32;1.8720:1:1:0.08;0.6246:-1:-1:0.32;0.7709:1:1:0.16;0.6949:-1:1:0;3.6170:1:1:0.32;1.4276:-1:-1:0.16;3.2144:-1:-1:0.16;1.0026:-1:-1:0.32;2.3496:1:-1:0.32;2.3728:-1:-1:0.64;1.7878:1:1:0.32;1.5650:-1:-1:0.64;2.9516:1:1:0;1.4451:1:1:0.32;1.6956:1:1:0.16;3.1167:-1:-1:0.32;1.1376:1:1:0.64;1.5134:-1:-1:0.32;0.9770:1:1:0.64;2.9091:-1:-1:0.08;1.5184:1:1:0.32;1.6724:-1:-1:0.64;2.3401:-1:-1:0.16;3.3612:-1:-1:0;0.7601:1:1:0.16;1.0697:1:1:0.64;2.1347:-1:-1:0;1.1303:-1:-1:0.32;0.6759:1:1:0.32;1.7129:-1:-1:0.16;2.4376:1:1:0.08;1.2112:-1:-1:0.32;0.8778:-1:-1:0.64;1.6181:1:1:0.16;3.8090:-1:-1:0.08;1.2309:1:1:0.64;1.9887:-1:1:0;1.0195:-1:-1:0.16;0.6048:1:1:0.64;1.2344:1:1:0.32;3.1164:1:-1:0;0.6401:-1:-1:0.64;1.2532:-1:-1:0.32;0.7122:1:1:0.16;0.7508:1:1:0.16;0.7541:-1:-1:0.08;3.2998:-1:-1:0;0.7515:1:1:0.16;0.8820:-1:-1:0.16;0.7715:1:1:0.64;1.3602:1:1:0.08;2.1014:1:1:0.08;0.7250:1:1:0.64;0.7923:-1:-1:0.64;3.6365:-1:1:0;1.8108:-1:-1:0.16;0.8707:-1:-1:0.64;2.1769:1:1:0.16;2.2828:1:-1:0;1.3732:-1:-1:0;2.5159:1:1:0.08;1.4917:-1:-1:0.08;2.4768:-1:-1:0.08;3.0518:1:1:0.08;0.9269:1:1:0.32;0.9825:-1:-1:0.16;0.7808:1:1:0.16;0.5578:-1:-1:0.64;1.3998:-1:-1:0.32;2.0870:1:1:0;0.6007:-1:-1:0.64;0.6423:1:1:0.16;0.5432:-1:-1:0.32;0.6106:-1:-1:0.64;1.0268:-1:-1:0.16;0.9696:-1:-1:0.16;0.8111:-1:-1:0.32;0.7388:1:1:0.08;0.9819:1:1:0.08;1.2059:-1:-1:0.16;1.1276:1:1:0;0.9407:-1:-1:0.08;2.6020:1:1:0;1.6536:-1:-1:0.16;1.0341:1:1:0.08;0.6479:1:1:0.32;1.5451:1:-1:0;0.5919:-1:-1:0.64;0.5806:1:1:0.32;0.9159:1:1:0.08;0.5524:1:1:0.32;0.5224:1:1:0.32;0.4089:1:1:0.64;1.3317:-1:1:0;2.7515:-1:-1:0;0.7356:-1:-1:0.08;0.5507:-1:-1:0.64;1.8870:-1:-1:0.16;1.5631:1:1:0.08;0.5226:1:1:0.64;0.5674:1:1:0.64;0.9424:-1:-1:0.16;0.6265:1:1:0.64;1.4131:1:1:0.16;0.8269:1:1:0.16;0.5366:1:1:0.32;0.6800:-1:-1:0.16;2.3153:-1:-1:0;1.2736:-1:-1:0.08;3.7980:-1:-1:0;1.1412:1:1:0.08;0.9365:1:1:0.64;0.7486:1:1:0.32;0.7635:1:1:0.32;0.9629:1:1:0.16;0.6138:-1:-1:0.32;1.1819:1:1:0.16;0.8635:1:1:0.32;2.2293:1:1:0.08;0.6887:-1:-1:0.16;1.7241:1:1:0;0.9207:1:1:0.16;0.8786:-1:-1:0.32;3.1223:-1:-1:0;0.8757:1:1:0.32;0.8085:-1:-1:0.16;0.7141:-1:-1:0.32;1.3467:1:-1:0;0.6888:-1:-1:0.16;2.5932:-1:-1:0.08;1.8337:-1:-1:0.32;0.6092:-1:-1:0.64;1.0425:1:1:0.64
6/18/2026 15:08:54,P-28VM7TJY7W,1.6242:-1:-1:0.08;1.7377:-1:-1:0.32;1.0733:-1:-1:0.32;0.6536:1:1:0.08;0.8980:1:1:0.16;2.6065:1:1:0.16;1.9223:-1:-1:0.08;0.7957:1:1:0.32;0.7644:-1:-1:0.16;2.0119:-1:-1:0.08;0.7850:1:1:0.64;1.0182:-1:-1:0.16;0.6632:-1:-1:0.64;0.7448:1:1:0.64;0.7607:-1:-1:0.32;0.6394:1:1:0.64;1.6788:1:1:0.16;2.6607:-1:-1:0;1.3367:-1:-1:0.16;1.0711:-1:-1:0.32;0.7077:1:1:0.64;0.8674:1:1:0.32;1.4498:1:1:0.32;1.3008:1:1:0.32;0.7506:1:1:0.64;0.8698:1:1:0.64;0.7628:-1:-1:0.64;2.2267:-1:-1:0.16;2.4376:1:1:0.08;0.9815:1:1:0.32;1.1042:-1:1:0.08;1.1395:1:1:0.08;2.0954:1:1:0;0.5660:1:1:0;1.1529:1:1:0.16;1.3008:1:1:0.64;1.1037:-1:-1:0.16;2.8154:-1:1:0;0.8936:-1:-1:0.32;1.0982:-1:-1:0.64;0.5472:1:1:0.32;1.2693:1:1:0.08;1.3605:1:1:0.16;1.7964:1:1:0;0.6956:-1:-1:0.32;0.7692:1:1:0.16;1.0232:-1:-1:0.16;0.9599:1:1:0.08;1.0921:-1:1:0;0.5474:-1:-1:0.64;1.9104:-1:-1:0.08;0.5762:1:1:0.64;2.2544:-1:-1:0;3.4482:-1:1:0;0.6090:1:1:0.16;0.6711:-1:-1:0;1.2744:-1:1:0;1.6596:-1:1:0;1.5099:-1:-1:0.08;2.1786:-1:-1:0.08;1.8382:-1:-1:0.08;1.4718:1:1:0.08;1.3448:1:1:0;1.3716:-1:1:0.08;0.5472:-1:-1:0.32;0.6007:1:1:0.08;0.6251:1:1:0.64;3.4137:-1:1:0;0.7547:1:-1:0;1.6259:-1:1:0;1.7769:-1:-1:0;1.0294:-1:-1:0.16;0.4814:1:1:0.64;1.3283:1:1:0.08;0.5800:-1:-1:0.32;0.8560:-1:-1:0.32;0.7768:1:1:0.32;0.7588:-1:-1:0.64;1.1200:-1:-1:0.08;0.9071:1:1:0;0.6107:-1:-1:0.32;0.8158:1:1:0.16;0.6601:-1:1:0;0.7652:-1:-1:0.32;0.6129:1:1:0.32;1.9580:1:1:0.32;1.5589:1:1:0.64;1.2094:-1:-1:0.16;0.7815:1:1:0.64;1.4264:1:1:0.64;1.0029:-1:-1:0.64;1.4104:-1:-1:0;3.5319:-1:1:0;1.4146:1:1:0.64;1.4497:-1:-1:0;2.0868:-1:-1:0;1.0561:-1:-1:0.08;2.9309:1:1:0.32;0.4908:-1:-1:0.64;0.4676:1:1:0.32;0.4227:-1:-1:0.32;0.4925:1:1:0.64;1.4601:1:1:0.32;1.5679:-1:1:0;0.5088:-1:-1:0.64;1.5905:-1:-1:0.32;0.5009:1:1:0.16;1.8258:-1:1:0.08;0.5680:-1:-1:0.32;1.1149:-1:-1:0.16;1.1896:1:-1:0.16;0.5439:1:1:0.16;0.5252:-1:-1:0.16;1.5989:-1:-1:0.16;1.8507:-1:-1:0;0.5976:-1:-1:0.64;0.7333:-1:-1:0.64;1.6209:1:1:0.16;1.5288:1:1:0.08;0.9368:1:1:0.08;0.7134:-1:-1:0.32;0.8592:-1:-1:0.64;0.9788:-1:-1:0.32;0.5634:1:1:0.08;1.0186:1:1:0.32;0.5062:-1:-1:0.64;0.8653:1:1:0.16;1.6041:1:1:0;1.2225:-1:-1:0.08;1.6962:1:1:0.08;0.8086:1:-1:0.16;3.2988:-1:-1:0;2.3097:-1:-1:0;0.5003:1:-1:0.64;0.0687:-1:-1:0.32;0.3062:-1:1:0.08;0.3764:1:1:0.64;0.5963:1:-1:0.64;0.6476:1:-1:0.64;0.6342:1:-1:0.64;0.8978:1:-1:0;1.0217:-1:1:0.08;0.4731:1:-1:0;0.4902:1:-1:0;1.8161:1:1:0.08;0.5357:1:1:0.64;1.5340:1:1:0.32;2.3446:1:1:0.16;0.5701:-1:-1:0.16;1.5374:-1:-1:0.16;1.5137:-1:-1:0.16;1.2529:-1:-1:0;0.5415:1:1:0.08;0.6124:-1:-1:0.08;2.9712:-1:1:0;1.0060:1:1:0.32;3.1097:-1:1:0.16;3.3772:-1:1:0;0.9278:-1:-1:0.08;2.5009:-1:1:0.08;1.0535:-1:1:0.32;1.3492:1:1:0.32;0.5917:-1:-1:0.32;0.7423:1:1:0.16;2.3961:1:1:0.16;0.9353:-1:-1:0;0.7716:-1:-1:0;0.6657:-1:-1:0.08;0.9628:-1:-1:0.16;0.8868:-1:-1:0.32;2.3180:-1:-1:0;0.6600:-1:-1:0.64;2.8179:-1:-1:0.08;0.8161:1:1:0.32;1.7462:-1:-1:0.08;0.6802:1:1:0.64;0.7080:1:1:0.64;1.1043:-1:-1:0.32;0.8384:1:1:0.16;1.8052:-1:-1:0.08;0.7513:-1:-1:0.64;1.2900:-1:-1:0.16;0.7783:-1:-1:0.16;0.7912:1:1:0.16;1.0148:-1:-1:0.16;2.1832:-1:-1:0.08;0.6539:-1:-1:0.64;0.7288:1:1:0.16;0.9373:-1:-1:0;2.3023:-1:-1:0.08
6/18/2026 15:09:23,P-BYJPJZY649,0.5520:-1:-1:0.32;0.3320:1:1:0.64;0.6450:1:1:0.08;0.7150:1:1:0.16;0.8650:1:1:0.08;0.4630:1:1:0.64;0.8140:-1:-1:0;0.9630:1:1:0;1.2820:-1:1:0;0.8470:1:1:0.08;0.3980:1:1:0.64;1.5150:-1:-1:0;0.7810:-1:-1:0.08;1.1800:1:-1:0;1.2860:-1:1:0;0.4080:1:1:0.64;0.3500:-1:-1:0.64;0.3960:1:1:0.08;0.7630:-1:1:0.08;0.3800:-1:-1:0.64;0.3990:1:1:0.08;1.0120:-1:-1:0.08;0.4490:-1:-1:0.16;0.5300:1:1:0.08;0.4160:-1:-1:0.64;0.6630:-1:-1:0.08;0.3310:1:1:0.64;0.5630:-1:-1:0.08;0.3330:1:1:0.64;0.7620:-1:1:0;0.4970:-1:1:0.08;0.6300:1:1:0.32;0.4160:1:1:0.64;0.3630:1:1:0.16;0.5160:-1:-1:0.16;0.3970:-1:-1:0.64;0.8310:-1:-1:0;0.4160:1:1:0.64;0.5130:1:1:0.32;0.6500:1:-1:0.08;0.4810:-1:-1:0.08;0.7960:1:-1:0;0.7670:-1:1:0;0.5950:-1:-1:0.16;0.4160:1:1:0.32;0.4120:-1:-1:0.32;0.4650:-1:-1:0.16;0.5630:1:1:0;0.5970:-1:-1:0.16;0.4980:1:1:0.16;0.6160:-1:-1:0.08;0.6470:1:1:0.08;0.4490:-1:-1:0.32;0.8300:-1:-1:0.08;0.4980:1:1:0.08;0.4660:-1:-1:0.16;0.4480:-1:-1:0.32;0.7300:-1:-1:0.08;0.3830:1:1:0.64;0.4130:-1:-1:0.32;0.3660:1:1:0.08;0.3970:-1:-1:0.16;0.5820:1:1:0.16;0.4820:1:1:0.16;1.4630:-1:1:0;1.6140:-1:-1:0;0.6320:-1:-1:0;0.3970:1:1:0.64;0.6660:1:1:0.16;0.5130:-1:-1:0.32;0.3820:-1:-1:0.32;0.3980:1:1:0.16;0.3130:-1:-1:0.08;0.3650:-1:-1:0.32;0.3140:-1:-1:0.64;0.3300:1:1:0.32;0.3300:-1:-1:0.16;0.3640:-1:-1:0.16;0.3490:-1:-1:0.64;0.4800:-1:-1:0.16;0.4500:1:1:0.16;1.3800:1:1:0;0.4640:1:1:0.16;0.3300:-1:1:0;0.3820:1:1:0.32;0.4970:1:1:0.32;0.4470:-1:-1:0.16;0.4160:-1:-1:0.64;0.8290:-1:-1:0.16;0.7640:-1:-1:0.08;0.4480:1:1:0.08;0.5150:-1:-1:0.16;0.7650:1:1:0;0.3630:-1:-1:0.64;0.7490:1:-1:0;1.3970:1:1:0;0.4150:1:1:0.32;0.5310:1:1:0.32;1.1310:1:1:0.08;0.4650:1:1:0.64;0.4310:1:1:0.64;0.9130:1:1:0.16;0.8640:1:1:0;1.2330:1:-1:0;0.3620:-1:-1:0.64;0.3650:1:1:0.32;0.3810:-1:-1:0.16;0.2810:1:1:0.32;0.4310:1:1:0.32;0.3990:-1:1:0;0.8130:1:-1:0;0.3650:1:1:0.64;1.7300:-1:-1:0;0.4160:-1:-1:0.32;0.3450:1:1:0.64;0.9640:-1:-1:0.08;0.3640:1:1:0.16;0.3820:-1:-1:0.64;1.1290:-1:-1:0.08;0.3810:1:1:0.32;0.8790:1:1:0.16;0.4160:-1:-1:0.64;1.0810:-1:-1:0.08;0.4640:-1:-1:0.64;0.4640:1:1:0.16;1.1960:-1:-1:0.08;1.0140:1:-1:0;0.4640:1:1:0.64;0.4150:1:1:0.64;0.4470:-1:-1:0.08;0.7970:-1:-1:0.08;1.3490:-1:-1:0;1.5640:1:1:0;1.4810:1:1:0;1.3820:1:1:0;0.7640:1:1:0.08;0.5320:1:1:0.32;0.5640:1:1:0.32;1.2300:-1:-1:0;0.4640:1:1:0.64;0.6480:-1:-1:0.16;0.4990:-1:-1:0.08;1.4810:-1:1:0;0.9130:-1:1:0;0.4820:-1:-1:0.32;0.5630:1:1:0.16;1.2490:-1:1:0;0.4300:1:1:0.64;0.6950:1:1:0.16;0.3650:-1:-1:0.64;0.4320:-1:-1:0.64;0.8320:-1:-1:0.16;1.0140:1:-1:0;0.3960:1:1:0.32;0.3490:-1:-1:0.64;0.4140:-1:-1:0.32;0.9820:1:-1:0;0.5640:1:1:0.32;0.5990:-1:-1:0.16;2.0970:-1:-1:0;0.4310:1:1:0.16;0.4810:-1:-1:0.16;0.5970:1:1:0.08;0.4630:-1:-1:0.32;0.4820:-1:-1:0.32;0.6310:1:1:0.08;0.5160:-1:-1:0.32;0.6310:-1:-1:0.16;0.6630:1:1:0.08;1.2490:-1:-1:0;0.4290:-1:-1:0.64;0.3830:-1:-1:0.64;0.3300:1:1:0.64;0.3140:1:1:0.32;1.0640:-1:-1:0;0.5800:1:1:0.08;0.7310:-1:-1:0.08;0.5000:-1:-1:0.32;0.3970:1:1:0.08;0.3660:-1:-1:0.64;0.3630:-1:-1:0.64;0.4820:1:1:0.16;0.4620:-1:-1:0.32;0.7140:1:1:0.08;0.3320:-1:-1:0.32;0.9970:-1:-1:0.08;1.2470:-1:-1:0;0.4660:-1:-1:0.32;0.4300:1:1:0.64;0.7470:1:1:0.16;0.4150:1:1:0.32;0.3470:-1:-1:0.32;0.3650:1:1:0.32;0.3970:-1:-1:0.64;0.3630:1:1:0.16;0.3650:-1:1:0;0.4310:1:1:0.32;0.5470:-1:-1:0.16;0.4470:-1:-1:0.32;0.6000:1:1:0.16